"document_id","N","legacy_min10","current_nomin","legacy_status","current_status","current_missing_reason","source_sha256","change","relative_change_percent","legacy_rank","current_rank"
"001",107,133.571666666667,133.571666666667,"ok","ok",NA,"03419b90cd755eda23b2be5ffbd1b09e12e7c456ea95c0b6efd8970e378a435c",0,0,27,27
"002",129,103.883177570093,103.883177570093,"ok","ok",NA,"a494b4e94522c817147952aaaacc93b3131cd5892b068c3c3d11536efc6df178",0,0,18,18
"003",147,54.6604445847979,54.6604445847979,"ok","ok",NA,"c1305ad08040e2b8c025576d5ce1acd91ee690a3a8e1094decce8b6934dc063b",0,0,5,5
"004",117,123.642580645161,123.642580645161,"ok","ok",NA,"df7ea17a47f150db4da036389f43b5d94c6f57019c2fb7a90c456070a981f6b4",0,0,24,24
"005",138,89.9727343944628,89.9727343944628,"ok","ok",NA,"0417994c8f993d2a34afd193901e7606ee20ae79c05b1395afa0f6b7f169f271",0,0,17,17
"006",108,120.96,120.96,"ok","ok",NA,"b1c7f3e8182e56a22a2c7526694f76ef34165a205c7853323b24e793b88bc847",0,0,23,23
"007",127,75.4667695346975,75.4667695346975,"ok","ok",NA,"b14a60fe5a596432bf064fa50d5ab7effad0fc4ac3830e5497625d6aae04692c",0,0,12,12
"008",149,48.7586115527292,48.7586115527292,"ok","ok",NA,"f79c1b8339611e6acf03f91596fa21bf68d1934fbdf5e09ad66b54381b6ca4d0",0,0,1,1
"009",117,117,117,"ok","ok",NA,"fda8399459e4ddb5770c0939b70c663addc8d71971a187dcadcca071a8baf2a0",0,0,21,21
"010",137,59.408026233604,59.408026233604,"ok","ok",NA,"1f936c82a3cb4db33e245d9eea1f673bc9db1cd218d5f49487779670343abcd3",0,0,8,8
"011",108,163.296,163.296,"ok","ok",NA,"e63f05ef0f9b1ace34b27add0e9352341af130d1ee35017cd1a5177edbe2ae42",0,0,29,29
"012",128,72.7946244571091,72.7946244571091,"ok","ok",NA,"c52e8ede784cd4226d58a27ce53798adea5cd8ba6309c4d4b54f698e815c23bb",0,0,11,11
"013",147,56.0244440003878,56.0244440003878,"ok","ok",NA,"80b174f48722ae5c374b4998f5e039a99a81d37a05b467b0e8177a6f2ace6c72",0,0,6,6
"014",119,141.61,141.61,"ok","ok",NA,"e280f4b007724eedeb4ae1a951a67e513aaf66628cec95d9ebcc3f5524cc1466",0,0,28,28
"015",137,78.6885861599665,78.6885861599665,"ok","ok",NA,"03679cc771ab3bb1ccbdbc3f1bdbe4cb5ce7c8042c3ac4627be1f979a14357ea",0,0,14,14
"016",107,107,107,"ok","ok",NA,"c50524dacd5d4905b37d3b4375445a8519ead2271a66a3c56b3bbd275de48f4d",0,0,19,19
"017",128,114.253967837217,114.253967837217,"ok","ok",NA,"1d88112d6cd30e0535d75da69e0ce892dbe0957bebe30de235bdd79b54cf535d",0,0,20,20
"018",148,53.6886825091357,53.6886825091357,"ok","ok",NA,"46c23625218bd84b6dedc4efab417a65d2d15d0b8ce4291b6c8ce1a80f001613",0,0,3,3
"019",118,118.071515151515,118.071515151515,"ok","ok",NA,"3fda02f49a8c7d349be477579cae94c424c7f5b9a8508de089c029b3f106f2bb",0,0,22,22
"020",140,69.0446521287643,69.0446521287643,"ok","ok",NA,"7d375507201c07d616a98e70d75c174db2a2ac7005c1e7c3266eced347319b67",0,0,10,10
"021",108,125.612307692308,125.612307692308,"ok","ok",NA,"1d20252d108244d517a0e42a7561b39120e2a109978883c75e19d5834999c29d",0,0,25,25
"022",128,80.0269499802892,80.0269499802892,"ok","ok",NA,"0933500b3ccc0a97c7ab747ac0742cf351bdb5766072528cdb759833e543ee8c",0,0,15,15
"023",149,58.9008445472386,58.9008445472386,"ok","ok",NA,"e266c767c0f531aaac3c5544bb1c85e483370425d671b71346fa26cf93b274b8",0,0,7,7
"024",119,86.195614454948,86.195614454948,"ok","ok",NA,"83dd1c2fe6ed3e00fa32695d65565c521d35e77c4b986aecb414afbb56472f22",0,0,16,16
"025",138,65.6706781590503,65.6706781590503,"ok","ok",NA,"2eb4df3782cf294103b271daee2aee6b49e16ee1f21001fbe4656a2fefd167e0",0,0,9,9
"026",110,130.307692307692,130.307692307692,"ok","ok",NA,"433ae0dfc353c2769133d3ea9685bfd5575b54aa23909a531ff30da12a3a56ab",0,0,26,26
"027",128,76.3737382451902,76.3737382451902,"ok","ok",NA,"d6ec60e0c8aa796a7fabc04002cfc3c862a1eb10c66befd903c93c683694317d",0,0,13,13
"028",148,54.1334748976187,54.1334748976187,"ok","ok",NA,"77206597bb6c319e4c2c181e76ec10d3beff8d7adc5b1674d78d304c7fd91095",0,0,4,4
"029",119,165.211666666667,165.211666666667,"ok","ok",NA,"883170260c2c956ea0cd3f7bc41d05b27e01cf32dee8ee1aa8782acb010f4842",0,0,30,30
"030",139,51.6576574228524,51.6576574228524,"ok","ok",NA,"6c341ba215fe558faf47229747037818109bdab036f7e4f7145621bb7c5ef68c",0,0,2,2
"031",0,NA,NA,"missing","missing","empty_input","e3b0c44298fc1c149afbf4c8996fb92427ae41e4649b934ca495991b7852b855",NA,NA,NA,NA
