"N","forward_min","reverse_min","forward_short","reverse_short","screen","document_id"
107,NA,NA,0,0,"no_min10_effect","001"
129,107,45,0,0,"no_min10_effect","002"
147,14,14,0,0,"no_min10_effect","003"
117,NA,NA,0,0,"no_min10_effect","004"
138,107,45,0,0,"no_min10_effect","005"
108,NA,NA,0,0,"no_min10_effect","006"
127,99,39,0,0,"no_min10_effect","007"
149,14,14,0,0,"no_min10_effect","008"
117,110,117,0,0,"no_min10_effect","009"
137,32,14,0,0,"no_min10_effect","010"
108,NA,NA,0,0,"no_min10_effect","011"
128,95,39,0,0,"no_min10_effect","012"
147,14,14,0,0,"no_min10_effect","013"
119,NA,NA,0,0,"no_min10_effect","014"
137,98,45,0,0,"no_min10_effect","015"
107,99,103,0,0,"no_min10_effect","016"
128,NA,45,0,0,"no_min10_effect","017"
148,14,14,0,0,"no_min10_effect","018"
118,116,NA,0,0,"no_min10_effect","019"
140,102,14,0,0,"no_min10_effect","020"
108,NA,NA,0,0,"no_min10_effect","021"
128,99,44,0,0,"no_min10_effect","022"
149,14,14,0,0,"no_min10_effect","023"
119,103,64,0,0,"no_min10_effect","024"
138,99,14,0,0,"no_min10_effect","025"
110,NA,NA,0,0,"no_min10_effect","026"
128,98,44,0,0,"no_min10_effect","027"
148,14,14,0,0,"no_min10_effect","028"
119,NA,NA,0,0,"no_min10_effect","029"
139,14,14,0,0,"no_min10_effect","030"
0,NA,NA,0,0,"legacy_ineligible","031"
