"input","strict_lt","inclusive_le","strict_relative_to_inclusive_percent","inclusive_relative_to_strict_percent"
"repeated_9",2.25,2.25,0,0
"repeated_10",2,2,0,0
"repeated_19",2.11111111111111,2.11111111111111,0,0
"repeated_50",2,2,0,0
"threshold_equal",16.7235188509874,9.97351885098743,67.6792223572296,-40.3623188405797
"ordinary_tail",14,14,0,0
"short_tail",2,2,0,0
"asymmetric",3.15,3.15,0,0
"mixed_120",4.9,4.9,0,0
"001",133.571666666667,133.571666666667,0,0
"002",103.883177570093,103.883177570093,0,0
"003",54.6604445847979,54.6604445847979,0,0
"004",123.642580645161,123.642580645161,0,0
"005",89.9727343944628,89.9727343944628,0,0
"006",120.96,120.96,0,0
"007",75.4667695346975,75.4667695346975,0,0
"008",48.7586115527292,48.7586115527292,0,0
"009",117,117,0,0
"010",59.408026233604,59.408026233604,0,0
"011",163.296,163.296,0,0
"012",72.7946244571091,72.7946244571091,0,0
"013",56.0244440003878,56.0244440003878,0,0
"014",141.61,141.61,0,0
"015",78.6885861599665,78.6885861599665,0,0
"016",107,107,0,0
"017",114.253967837217,114.253967837217,0,0
"018",53.6886825091357,53.6886825091357,0,0
"019",118.071515151515,118.071515151515,0,0
"020",69.0446521287643,69.0446521287643,0,0
"021",125.612307692308,125.612307692308,0,0
"022",80.0269499802892,80.0269499802892,0,0
"023",58.9008445472386,58.9008445472386,0,0
"024",86.195614454948,64.3163308973599,34.0182396170956,-25.3832908970371
"025",65.6706781590503,65.6706781590503,0,0
"026",130.307692307692,130.307692307692,0,0
"027",76.3737382451902,76.3737382451902,0,0
"028",54.1334748976187,54.1334748976187,0,0
"029",165.211666666667,165.211666666667,0,0
"030",51.6576574228524,51.6576574228524,0,0
"031",NA,NA,NA,NA
