document_id,segment_id,token_index,surface,POS1,goshu
variants,s1,1,リンゴ,名詞,漢
variants,s1,2,りんご,名詞,漢
variants,s1,3,と,助詞,和
variants,s1,4,リンゴ,名詞,漢
variants,s1,5,と,助詞,和
variants,s1,6,林檎,名詞,漢
variants,s1,7,。,補助記号,記号
homophones,s1,1,はし,名詞,和
homophones,s1,2,はし,名詞,和
homophones,s1,3,を,助詞,和
homophones,s1,4,渡る,動詞,和
homophones,s1,5,。,補助記号,記号
homophones,s1,6,はし,名詞,和
homophones,s1,7,で,助詞,和
homophones,s1,8,食べる,動詞,和
homophones,s1,9,。,補助記号,記号
homophones,s1,10,はし,名詞,和
homophones,s1,11,を,助詞,和
homophones,s1,12,見る,動詞,和
homophones,s1,13,。,補助記号,記号
unlisted,s1,1,ぷにょ語,<MISSING>,<MISSING>
unlisted,s1,2,。,補助記号,記号
no_targets,s1,1,。,補助記号,記号
