"policy","document_id","same_coverage"
"all_tokens","test-s1",TRUE
"all_tokens","test-s2",TRUE
"all_tokens","test-s3",TRUE
"all_tokens","test-s4",TRUE
"all_tokens","test-s5",TRUE
"all_tokens","test-s6",TRUE
"all_tokens","test-s7",TRUE
"all_tokens","test-s8",TRUE
"all_tokens","test-s9",TRUE
"all_tokens","test-s10",TRUE
"all_tokens","test-s11",TRUE
"all_tokens","test-s12",TRUE
"all_tokens","test-s13",TRUE
"all_tokens","test-s14",TRUE
"all_tokens","test-s15",TRUE
"all_tokens","test-s16",TRUE
"all_tokens","test-s17",TRUE
"all_tokens","test-s18",TRUE
"all_tokens","test-s19",TRUE
"all_tokens","test-s20",TRUE
"all_tokens","test-s21",TRUE
"all_tokens","test-s22",TRUE
"all_tokens","test-s23",TRUE
"all_tokens","test-s24",TRUE
"all_tokens","test-s25",TRUE
"all_tokens","test-s26",TRUE
"all_tokens","test-s27",TRUE
"all_tokens","test-s28",TRUE
"all_tokens","test-s29",TRUE
"all_tokens","test-s30",TRUE
"all_tokens","test-s31",TRUE
"all_tokens","test-s32",TRUE
"all_tokens","test-s33",TRUE
"all_tokens","test-s34",TRUE
"all_tokens","test-s35",TRUE
"all_tokens","test-s36",TRUE
"all_tokens","test-s37",TRUE
"all_tokens","test-s38",TRUE
"all_tokens","test-s39",TRUE
"all_tokens","test-s40",TRUE
"all_tokens","test-s41",TRUE
"all_tokens","test-s42",TRUE
"all_tokens","test-s43",TRUE
"all_tokens","test-s44",TRUE
"all_tokens","test-s45",TRUE
"all_tokens","test-s46",TRUE
"all_tokens","test-s47",TRUE
"all_tokens","test-s48",TRUE
"all_tokens","test-s49",TRUE
"all_tokens","test-s50",TRUE
"all_tokens","test-s51",TRUE
"all_tokens","test-s52",TRUE
"all_tokens","test-s53",TRUE
"all_tokens","test-s54",TRUE
"all_tokens","test-s55",TRUE
"all_tokens","test-s56",TRUE
"all_tokens","test-s57",TRUE
"all_tokens","test-s58",TRUE
"all_tokens","test-s59",TRUE
"all_tokens","test-s60",TRUE
"all_tokens","test-s61",TRUE
"all_tokens","test-s62",TRUE
"all_tokens","test-s63",TRUE
"all_tokens","test-s64",TRUE
"all_tokens","test-s65",TRUE
"all_tokens","test-s66",TRUE
"all_tokens","test-s67",TRUE
"all_tokens","test-s68",TRUE
"all_tokens","test-s69",TRUE
"all_tokens","test-s70",TRUE
"all_tokens","test-s71",TRUE
"all_tokens","test-s72",TRUE
"all_tokens","test-s73",TRUE
"all_tokens","test-s74",TRUE
"all_tokens","test-s75",TRUE
"all_tokens","test-s76",TRUE
"all_tokens","test-s77",TRUE
"all_tokens","test-s78",TRUE
"all_tokens","test-s79",TRUE
"all_tokens","test-s80",TRUE
"all_tokens","test-s81",TRUE
"all_tokens","test-s82",TRUE
"all_tokens","test-s83",TRUE
"all_tokens","test-s84",TRUE
"all_tokens","test-s85",TRUE
"all_tokens","test-s86",TRUE
"all_tokens","test-s87",TRUE
"all_tokens","test-s88",TRUE
"all_tokens","test-s89",TRUE
"all_tokens","test-s90",TRUE
"all_tokens","test-s91",TRUE
"all_tokens","test-s92",TRUE
"all_tokens","test-s93",TRUE
"all_tokens","test-s94",TRUE
"all_tokens","test-s95",TRUE
"all_tokens","test-s96",TRUE
"all_tokens","test-s97",TRUE
"all_tokens","test-s98",TRUE
"all_tokens","test-s99",TRUE
"all_tokens","test-s100",TRUE
"all_tokens","test-s101",TRUE
"all_tokens","test-s102",TRUE
"all_tokens","test-s103",TRUE
"all_tokens","test-s104",TRUE
"all_tokens","test-s105",TRUE
"all_tokens","test-s106",TRUE
"all_tokens","test-s107",TRUE
"all_tokens","test-s108",TRUE
"all_tokens","test-s109",TRUE
"all_tokens","test-s110",TRUE
"all_tokens","test-s111",TRUE
"all_tokens","test-s112",TRUE
"all_tokens","test-s113",TRUE
"all_tokens","test-s114",TRUE
"all_tokens","test-s115",TRUE
"all_tokens","test-s116",TRUE
"all_tokens","test-s117",TRUE
"all_tokens","test-s118",TRUE
"all_tokens","test-s119",TRUE
"all_tokens","test-s120",TRUE
"all_tokens","test-s121",TRUE
"all_tokens","test-s122",TRUE
"all_tokens","test-s123",TRUE
"all_tokens","test-s124",TRUE
"all_tokens","test-s125",TRUE
"all_tokens","test-s126",TRUE
"all_tokens","test-s127",TRUE
"all_tokens","test-s128",TRUE
"all_tokens","test-s129",TRUE
"all_tokens","test-s130",TRUE
"all_tokens","test-s131",TRUE
"all_tokens","test-s132",TRUE
"all_tokens","test-s133",TRUE
"all_tokens","test-s134",TRUE
"all_tokens","test-s135",TRUE
"all_tokens","test-s136",TRUE
"all_tokens","test-s137",TRUE
"all_tokens","test-s138",TRUE
"all_tokens","test-s139",TRUE
"all_tokens","test-s140",TRUE
"all_tokens","test-s141",TRUE
"all_tokens","test-s142",TRUE
"all_tokens","test-s143",TRUE
"all_tokens","test-s144",TRUE
"all_tokens","test-s145",TRUE
"all_tokens","test-s146",TRUE
"all_tokens","test-s149",TRUE
"all_tokens","test-s150",TRUE
"all_tokens","test-s151",TRUE
"all_tokens","test-s152",TRUE
"all_tokens","test-s153",TRUE
"all_tokens","test-s154",TRUE
"all_tokens","test-s155",TRUE
"all_tokens","test-s156",TRUE
"all_tokens","test-s157",TRUE
"all_tokens","test-s158",TRUE
"all_tokens","test-s159",TRUE
"all_tokens","test-s160",TRUE
"all_tokens","test-s161",TRUE
"all_tokens","test-s162",TRUE
"all_tokens","test-s163",TRUE
"all_tokens","test-s164",TRUE
"all_tokens","test-s165",TRUE
"all_tokens","test-s166",TRUE
"all_tokens","test-s167",TRUE
"all_tokens","test-s168",TRUE
"all_tokens","test-s169",TRUE
"all_tokens","test-s170",TRUE
"all_tokens","test-s171",TRUE
"all_tokens","test-s172",TRUE
"all_tokens","test-s173",TRUE
"all_tokens","test-s174",TRUE
"all_tokens","test-s175",TRUE
"all_tokens","test-s176",TRUE
"all_tokens","test-s177",TRUE
"all_tokens","test-s178",TRUE
"all_tokens","test-s179",TRUE
"all_tokens","test-s180",TRUE
"all_tokens","test-s181",TRUE
"all_tokens","test-s182",TRUE
"all_tokens","test-s183",TRUE
"all_tokens","test-s184",TRUE
"all_tokens","test-s185",TRUE
"all_tokens","test-s186",TRUE
"all_tokens","test-s187",TRUE
"all_tokens","test-s188",TRUE
"all_tokens","test-s189",TRUE
"all_tokens","test-s190",TRUE
"all_tokens","test-s191",TRUE
"all_tokens","test-s192",TRUE
"all_tokens","test-s193",TRUE
"all_tokens","test-s194",TRUE
"all_tokens","test-s195",TRUE
"all_tokens","test-s196",TRUE
"all_tokens","test-s197",TRUE
"all_tokens","test-s198",TRUE
"all_tokens","test-s199",TRUE
"all_tokens","test-s200",TRUE
"all_tokens","test-s201",TRUE
"all_tokens","test-s202",TRUE
"all_tokens","test-s203",TRUE
"all_tokens","test-s204",TRUE
"all_tokens","test-s205",TRUE
"all_tokens","test-s206",TRUE
"all_tokens","test-s207",TRUE
"all_tokens","test-s211",TRUE
"all_tokens","test-s212",TRUE
"all_tokens","test-s213",TRUE
"all_tokens","test-s214",TRUE
"all_tokens","test-s215",TRUE
"all_tokens","test-s216",TRUE
"all_tokens","test-s217",TRUE
"all_tokens","test-s218",TRUE
"all_tokens","test-s219",TRUE
"all_tokens","test-s220",TRUE
"all_tokens","test-s221",TRUE
"all_tokens","test-s222",TRUE
"all_tokens","test-s223",TRUE
"all_tokens","test-s224",TRUE
"all_tokens","test-s226",TRUE
"all_tokens","test-s227",TRUE
"all_tokens","test-s228",TRUE
"all_tokens","test-s229",TRUE
"all_tokens","test-s230",TRUE
"all_tokens","test-s231",TRUE
"all_tokens","test-s232",TRUE
"all_tokens","test-s233",TRUE
"all_tokens","test-s234",TRUE
"all_tokens","test-s235",TRUE
"all_tokens","test-s236",TRUE
"all_tokens","test-s237",TRUE
"all_tokens","test-s238",TRUE
"all_tokens","test-s239",TRUE
"all_tokens","test-s240",TRUE
"all_tokens","test-s241",TRUE
"all_tokens","test-s243",TRUE
"all_tokens","test-s244",TRUE
"all_tokens","test-s245",TRUE
"all_tokens","test-s246",TRUE
"all_tokens","test-s247",TRUE
"all_tokens","test-s249",TRUE
"all_tokens","test-s250",TRUE
"all_tokens","test-s251",TRUE
"all_tokens","test-s252",TRUE
"all_tokens","test-s253",TRUE
"all_tokens","test-s254",TRUE
"all_tokens","test-s256",TRUE
"all_tokens","test-s257",TRUE
"all_tokens","test-s258",TRUE
"all_tokens","test-s259",TRUE
"all_tokens","test-s260",TRUE
"all_tokens","test-s261",TRUE
"all_tokens","test-s262",TRUE
"all_tokens","test-s263",TRUE
"all_tokens","test-s264",TRUE
"all_tokens","test-s265",TRUE
"all_tokens","test-s266",TRUE
"all_tokens","test-s267",TRUE
"all_tokens","test-s269",TRUE
"all_tokens","test-s270",TRUE
"all_tokens","test-s271",TRUE
"all_tokens","test-s272",TRUE
"all_tokens","test-s273",TRUE
"all_tokens","test-s274",TRUE
"all_tokens","test-s275",TRUE
"all_tokens","test-s276",TRUE
"all_tokens","test-s277",TRUE
"all_tokens","test-s278",TRUE
"all_tokens","test-s279",TRUE
"all_tokens","test-s280",TRUE
"all_tokens","test-s281",TRUE
"all_tokens","test-s282",TRUE
"all_tokens","test-s284",TRUE
"all_tokens","test-s285",TRUE
"all_tokens","test-s286",TRUE
"all_tokens","test-s287",TRUE
"all_tokens","test-s288",TRUE
"all_tokens","test-s289",TRUE
"all_tokens","test-s290",TRUE
"all_tokens","test-s291",TRUE
"all_tokens","test-s292",TRUE
"all_tokens","test-s293",TRUE
"all_tokens","test-s295",TRUE
"all_tokens","test-s296",TRUE
"all_tokens","test-s297",TRUE
"all_tokens","test-s298",TRUE
"all_tokens","test-s299",TRUE
"all_tokens","test-s300",TRUE
"all_tokens","test-s301",TRUE
"all_tokens","test-s302",TRUE
"all_tokens","test-s303",TRUE
"all_tokens","test-s304",TRUE
"all_tokens","test-s305",TRUE
"all_tokens","test-s306",TRUE
"all_tokens","test-s307",TRUE
"all_tokens","test-s308",TRUE
"all_tokens","test-s309",TRUE
"all_tokens","test-s310",TRUE
"all_tokens","test-s311",TRUE
"all_tokens","test-s312",TRUE
"all_tokens","test-s313",TRUE
"all_tokens","test-s314",TRUE
"all_tokens","test-s315",TRUE
"all_tokens","test-s316",TRUE
"all_tokens","test-s317",TRUE
"all_tokens","test-s318",TRUE
"all_tokens","test-s319",TRUE
"all_tokens","test-s320",TRUE
"all_tokens","test-s321",TRUE
"all_tokens","test-s322",TRUE
"all_tokens","test-s323",TRUE
"all_tokens","test-s324",TRUE
"all_tokens","test-s325",TRUE
"all_tokens","test-s326",TRUE
"all_tokens","test-s327",TRUE
"all_tokens","test-s328",TRUE
"all_tokens","test-s329",TRUE
"all_tokens","test-s330",TRUE
"all_tokens","test-s331",TRUE
"all_tokens","test-s332",TRUE
"all_tokens","test-s333",TRUE
"all_tokens","test-s334",TRUE
"all_tokens","test-s335",TRUE
"all_tokens","test-s336",TRUE
"all_tokens","test-s337",TRUE
"all_tokens","test-s338",TRUE
"all_tokens","test-s339",TRUE
"all_tokens","test-s340",TRUE
"all_tokens","test-s341",TRUE
"all_tokens","test-s342",TRUE
"all_tokens","test-s343",TRUE
"all_tokens","test-s344",TRUE
"all_tokens","test-s345",TRUE
"all_tokens","test-s346",TRUE
"all_tokens","test-s347",TRUE
"all_tokens","test-s348",TRUE
"all_tokens","test-s349",TRUE
"all_tokens","test-s350",TRUE
"all_tokens","test-s351",TRUE
"all_tokens","test-s352",TRUE
"all_tokens","test-s353",TRUE
"all_tokens","test-s354",TRUE
"all_tokens","test-s355",TRUE
"all_tokens","test-s356",TRUE
"all_tokens","test-s357",TRUE
"all_tokens","test-s358",TRUE
"all_tokens","test-s359",TRUE
"all_tokens","test-s360",TRUE
"all_tokens","test-s361",TRUE
"all_tokens","test-s362",TRUE
"all_tokens","test-s363",TRUE
"all_tokens","test-s364",TRUE
"all_tokens","test-s365",TRUE
"all_tokens","test-s366",TRUE
"all_tokens","test-s367",TRUE
"all_tokens","test-s368",TRUE
"all_tokens","test-s369",TRUE
"all_tokens","test-s370",TRUE
"all_tokens","test-s371",TRUE
"all_tokens","test-s372",TRUE
"all_tokens","test-s373",TRUE
"all_tokens","test-s374",TRUE
"all_tokens","test-s375",TRUE
"all_tokens","test-s376",TRUE
"all_tokens","test-s377",TRUE
"all_tokens","test-s378",TRUE
"all_tokens","test-s379",TRUE
"all_tokens","test-s380",TRUE
"all_tokens","test-s381",TRUE
"all_tokens","test-s382",TRUE
"all_tokens","test-s383",TRUE
"all_tokens","test-s384",TRUE
"all_tokens","test-s385",TRUE
"all_tokens","test-s386",TRUE
"all_tokens","test-s387",TRUE
"all_tokens","test-s388",TRUE
"all_tokens","test-s389",TRUE
"all_tokens","test-s390",TRUE
"all_tokens","test-s392",TRUE
"all_tokens","test-s393",TRUE
"all_tokens","test-s394",TRUE
"all_tokens","test-s395",TRUE
"all_tokens","test-s396",TRUE
"all_tokens","test-s397",TRUE
"all_tokens","test-s398",TRUE
"all_tokens","test-s399",TRUE
"all_tokens","test-s400",TRUE
"all_tokens","test-s401",TRUE
"all_tokens","test-s402",TRUE
"all_tokens","test-s403",TRUE
"all_tokens","test-s404",TRUE
"all_tokens","test-s405",TRUE
"all_tokens","test-s406",TRUE
"all_tokens","test-s407",TRUE
"all_tokens","test-s408",TRUE
"all_tokens","test-s409",TRUE
"all_tokens","test-s410",TRUE
"all_tokens","test-s411",TRUE
"all_tokens","test-s412",TRUE
"all_tokens","test-s413",TRUE
"all_tokens","test-s414",TRUE
"all_tokens","test-s415",TRUE
"all_tokens","test-s416",TRUE
"all_tokens","test-s418",TRUE
"all_tokens","test-s419",TRUE
"all_tokens","test-s420",TRUE
"all_tokens","test-s421",TRUE
"all_tokens","test-s422",TRUE
"all_tokens","test-s423",TRUE
"all_tokens","test-s424",TRUE
"all_tokens","test-s425",TRUE
"all_tokens","test-s426",TRUE
"all_tokens","test-s427",TRUE
"all_tokens","test-s428",TRUE
"all_tokens","test-s429",TRUE
"all_tokens","test-s430",TRUE
"all_tokens","test-s431",TRUE
"all_tokens","test-s432",TRUE
"all_tokens","test-s433",TRUE
"all_tokens","test-s434",TRUE
"all_tokens","test-s435",TRUE
"all_tokens","test-s436",TRUE
"all_tokens","test-s437",TRUE
"all_tokens","test-s438",TRUE
"all_tokens","test-s439",TRUE
"all_tokens","test-s440",TRUE
"all_tokens","test-s441",TRUE
"all_tokens","test-s442",TRUE
"all_tokens","test-s443",TRUE
"all_tokens","test-s444",TRUE
"all_tokens","test-s445",TRUE
"all_tokens","test-s446",TRUE
"all_tokens","test-s447",TRUE
"all_tokens","test-s448",TRUE
"all_tokens","test-s449",TRUE
"all_tokens","test-s450",TRUE
"all_tokens","test-s451",TRUE
"all_tokens","test-s452",TRUE
"all_tokens","test-s453",TRUE
"all_tokens","test-s454",TRUE
"all_tokens","test-s455",TRUE
"all_tokens","test-s456",TRUE
"all_tokens","test-s457",TRUE
"all_tokens","test-s458",TRUE
"all_tokens","test-s459",TRUE
"all_tokens","test-s460",TRUE
"all_tokens","test-s461",TRUE
"all_tokens","test-s462",TRUE
"all_tokens","test-s463",TRUE
"all_tokens","test-s464",TRUE
"all_tokens","test-s465",TRUE
"all_tokens","test-s466",TRUE
"all_tokens","test-s467",TRUE
"all_tokens","test-s468",TRUE
"all_tokens","test-s469",TRUE
"all_tokens","test-s470",TRUE
"all_tokens","test-s471",TRUE
"all_tokens","test-s472",TRUE
"all_tokens","test-s473",TRUE
"all_tokens","test-s474",TRUE
"all_tokens","test-s475",TRUE
"all_tokens","test-s476",TRUE
"all_tokens","test-s477",TRUE
"all_tokens","test-s478",TRUE
"all_tokens","test-s479",TRUE
"all_tokens","test-s480",TRUE
"all_tokens","test-s481",TRUE
"all_tokens","test-s482",TRUE
"all_tokens","test-s483",TRUE
"all_tokens","test-s484",TRUE
"all_tokens","test-s485",TRUE
"all_tokens","test-s486",TRUE
"all_tokens","test-s487",TRUE
"all_tokens","test-s488",TRUE
"all_tokens","test-s489",TRUE
"all_tokens","test-s490",TRUE
"all_tokens","test-s491",TRUE
"all_tokens","test-s492",TRUE
"all_tokens","test-s493",TRUE
"all_tokens","test-s494",TRUE
"all_tokens","test-s495",TRUE
"all_tokens","test-s496",TRUE
"all_tokens","test-s497",TRUE
"all_tokens","test-s498",TRUE
"all_tokens","test-s499",TRUE
"all_tokens","test-s500",TRUE
"all_tokens","test-s501",TRUE
"all_tokens","test-s502",TRUE
"all_tokens","test-s503",TRUE
"all_tokens","test-s504",TRUE
"all_tokens","test-s505",TRUE
"all_tokens","test-s506",TRUE
"all_tokens","test-s507",TRUE
"all_tokens","test-s508",TRUE
"all_tokens","test-s509",TRUE
"all_tokens","test-s510",TRUE
"all_tokens","test-s511",TRUE
"all_tokens","test-s512",TRUE
"all_tokens","test-s513",TRUE
"all_tokens","test-s514",TRUE
"all_tokens","test-s515",TRUE
"all_tokens","test-s516",TRUE
"all_tokens","test-s517",TRUE
"all_tokens","test-s518",TRUE
"all_tokens","test-s519",TRUE
"all_tokens","test-s520",TRUE
"all_tokens","test-s521",TRUE
"all_tokens","test-s522",TRUE
"all_tokens","test-s523",TRUE
"all_tokens","test-s524",TRUE
"all_tokens","test-s525",TRUE
"all_tokens","test-s526",TRUE
"all_tokens","test-s527",TRUE
"all_tokens","test-s528",TRUE
"all_tokens","test-s529",TRUE
"all_tokens","test-s530",TRUE
"all_tokens","test-s531",TRUE
"all_tokens","test-s532",TRUE
"all_tokens","test-s533",TRUE
"all_tokens","test-s534",TRUE
"all_tokens","test-s535",TRUE
"all_tokens","test-s536",TRUE
"all_tokens","test-s537",TRUE
"all_tokens","test-s538",TRUE
"all_tokens","test-s539",TRUE
"all_tokens","test-s540",TRUE
"all_tokens","test-s541",TRUE
"all_tokens","test-s542",TRUE
"all_tokens","test-s543",TRUE
"all_tokens","test-s544",TRUE
"all_tokens","test-s545",TRUE
"all_tokens","test-s546",TRUE
"all_tokens","test-s547",TRUE
"all_tokens","test-s548",TRUE
"all_tokens","test-s549",TRUE
"all_tokens","test-s550",TRUE
"all_tokens","test-s551",TRUE
"all_tokens","test-s552",TRUE
"all_tokens","test-s553",TRUE
"all_tokens","test-s554",TRUE
"all_tokens","test-s555",TRUE
"all_tokens","test-s556",TRUE
"all_tokens","test-s557",TRUE
"exclude_PUNCT_SYM","test-s1",TRUE
"exclude_PUNCT_SYM","test-s2",TRUE
"exclude_PUNCT_SYM","test-s3",TRUE
"exclude_PUNCT_SYM","test-s4",TRUE
"exclude_PUNCT_SYM","test-s5",TRUE
"exclude_PUNCT_SYM","test-s6",TRUE
"exclude_PUNCT_SYM","test-s7",TRUE
"exclude_PUNCT_SYM","test-s8",TRUE
"exclude_PUNCT_SYM","test-s9",TRUE
"exclude_PUNCT_SYM","test-s10",TRUE
"exclude_PUNCT_SYM","test-s11",TRUE
"exclude_PUNCT_SYM","test-s12",TRUE
"exclude_PUNCT_SYM","test-s13",TRUE
"exclude_PUNCT_SYM","test-s14",TRUE
"exclude_PUNCT_SYM","test-s15",TRUE
"exclude_PUNCT_SYM","test-s16",TRUE
"exclude_PUNCT_SYM","test-s17",TRUE
"exclude_PUNCT_SYM","test-s18",TRUE
"exclude_PUNCT_SYM","test-s19",TRUE
"exclude_PUNCT_SYM","test-s20",TRUE
"exclude_PUNCT_SYM","test-s21",TRUE
"exclude_PUNCT_SYM","test-s22",TRUE
"exclude_PUNCT_SYM","test-s23",TRUE
"exclude_PUNCT_SYM","test-s24",TRUE
"exclude_PUNCT_SYM","test-s25",TRUE
"exclude_PUNCT_SYM","test-s26",TRUE
"exclude_PUNCT_SYM","test-s27",TRUE
"exclude_PUNCT_SYM","test-s28",TRUE
"exclude_PUNCT_SYM","test-s29",TRUE
"exclude_PUNCT_SYM","test-s30",TRUE
"exclude_PUNCT_SYM","test-s31",TRUE
"exclude_PUNCT_SYM","test-s32",TRUE
"exclude_PUNCT_SYM","test-s33",TRUE
"exclude_PUNCT_SYM","test-s34",TRUE
"exclude_PUNCT_SYM","test-s35",TRUE
"exclude_PUNCT_SYM","test-s36",TRUE
"exclude_PUNCT_SYM","test-s37",TRUE
"exclude_PUNCT_SYM","test-s38",TRUE
"exclude_PUNCT_SYM","test-s39",TRUE
"exclude_PUNCT_SYM","test-s40",TRUE
"exclude_PUNCT_SYM","test-s41",TRUE
"exclude_PUNCT_SYM","test-s42",TRUE
"exclude_PUNCT_SYM","test-s43",FALSE
"exclude_PUNCT_SYM","test-s44",TRUE
"exclude_PUNCT_SYM","test-s45",TRUE
"exclude_PUNCT_SYM","test-s46",TRUE
"exclude_PUNCT_SYM","test-s47",TRUE
"exclude_PUNCT_SYM","test-s48",TRUE
"exclude_PUNCT_SYM","test-s49",TRUE
"exclude_PUNCT_SYM","test-s50",TRUE
"exclude_PUNCT_SYM","test-s51",TRUE
"exclude_PUNCT_SYM","test-s52",TRUE
"exclude_PUNCT_SYM","test-s53",TRUE
"exclude_PUNCT_SYM","test-s54",TRUE
"exclude_PUNCT_SYM","test-s55",FALSE
"exclude_PUNCT_SYM","test-s56",TRUE
"exclude_PUNCT_SYM","test-s57",TRUE
"exclude_PUNCT_SYM","test-s58",TRUE
"exclude_PUNCT_SYM","test-s59",TRUE
"exclude_PUNCT_SYM","test-s60",TRUE
"exclude_PUNCT_SYM","test-s61",TRUE
"exclude_PUNCT_SYM","test-s62",TRUE
"exclude_PUNCT_SYM","test-s63",TRUE
"exclude_PUNCT_SYM","test-s64",TRUE
"exclude_PUNCT_SYM","test-s65",TRUE
"exclude_PUNCT_SYM","test-s66",TRUE
"exclude_PUNCT_SYM","test-s67",TRUE
"exclude_PUNCT_SYM","test-s68",TRUE
"exclude_PUNCT_SYM","test-s69",TRUE
"exclude_PUNCT_SYM","test-s70",TRUE
"exclude_PUNCT_SYM","test-s71",TRUE
"exclude_PUNCT_SYM","test-s72",TRUE
"exclude_PUNCT_SYM","test-s73",TRUE
"exclude_PUNCT_SYM","test-s74",TRUE
"exclude_PUNCT_SYM","test-s75",TRUE
"exclude_PUNCT_SYM","test-s76",TRUE
"exclude_PUNCT_SYM","test-s77",TRUE
"exclude_PUNCT_SYM","test-s78",TRUE
"exclude_PUNCT_SYM","test-s79",TRUE
"exclude_PUNCT_SYM","test-s80",TRUE
"exclude_PUNCT_SYM","test-s81",TRUE
"exclude_PUNCT_SYM","test-s82",TRUE
"exclude_PUNCT_SYM","test-s83",TRUE
"exclude_PUNCT_SYM","test-s84",TRUE
"exclude_PUNCT_SYM","test-s85",TRUE
"exclude_PUNCT_SYM","test-s86",TRUE
"exclude_PUNCT_SYM","test-s87",TRUE
"exclude_PUNCT_SYM","test-s88",TRUE
"exclude_PUNCT_SYM","test-s89",TRUE
"exclude_PUNCT_SYM","test-s90",TRUE
"exclude_PUNCT_SYM","test-s91",TRUE
"exclude_PUNCT_SYM","test-s92",TRUE
"exclude_PUNCT_SYM","test-s93",TRUE
"exclude_PUNCT_SYM","test-s94",TRUE
"exclude_PUNCT_SYM","test-s95",TRUE
"exclude_PUNCT_SYM","test-s96",TRUE
"exclude_PUNCT_SYM","test-s97",TRUE
"exclude_PUNCT_SYM","test-s98",TRUE
"exclude_PUNCT_SYM","test-s99",TRUE
"exclude_PUNCT_SYM","test-s100",TRUE
"exclude_PUNCT_SYM","test-s101",TRUE
"exclude_PUNCT_SYM","test-s102",TRUE
"exclude_PUNCT_SYM","test-s103",TRUE
"exclude_PUNCT_SYM","test-s104",TRUE
"exclude_PUNCT_SYM","test-s105",TRUE
"exclude_PUNCT_SYM","test-s106",TRUE
"exclude_PUNCT_SYM","test-s107",TRUE
"exclude_PUNCT_SYM","test-s108",TRUE
"exclude_PUNCT_SYM","test-s109",FALSE
"exclude_PUNCT_SYM","test-s110",TRUE
"exclude_PUNCT_SYM","test-s111",TRUE
"exclude_PUNCT_SYM","test-s112",TRUE
"exclude_PUNCT_SYM","test-s113",TRUE
"exclude_PUNCT_SYM","test-s114",FALSE
"exclude_PUNCT_SYM","test-s115",TRUE
"exclude_PUNCT_SYM","test-s116",TRUE
"exclude_PUNCT_SYM","test-s117",TRUE
"exclude_PUNCT_SYM","test-s118",TRUE
"exclude_PUNCT_SYM","test-s119",FALSE
"exclude_PUNCT_SYM","test-s120",TRUE
"exclude_PUNCT_SYM","test-s121",TRUE
"exclude_PUNCT_SYM","test-s122",TRUE
"exclude_PUNCT_SYM","test-s123",TRUE
"exclude_PUNCT_SYM","test-s124",TRUE
"exclude_PUNCT_SYM","test-s125",TRUE
"exclude_PUNCT_SYM","test-s126",FALSE
"exclude_PUNCT_SYM","test-s127",TRUE
"exclude_PUNCT_SYM","test-s128",TRUE
"exclude_PUNCT_SYM","test-s129",TRUE
"exclude_PUNCT_SYM","test-s130",TRUE
"exclude_PUNCT_SYM","test-s131",TRUE
"exclude_PUNCT_SYM","test-s132",TRUE
"exclude_PUNCT_SYM","test-s133",TRUE
"exclude_PUNCT_SYM","test-s134",FALSE
"exclude_PUNCT_SYM","test-s135",TRUE
"exclude_PUNCT_SYM","test-s136",TRUE
"exclude_PUNCT_SYM","test-s137",TRUE
"exclude_PUNCT_SYM","test-s138",TRUE
"exclude_PUNCT_SYM","test-s139",TRUE
"exclude_PUNCT_SYM","test-s140",TRUE
"exclude_PUNCT_SYM","test-s141",FALSE
"exclude_PUNCT_SYM","test-s142",TRUE
"exclude_PUNCT_SYM","test-s143",TRUE
"exclude_PUNCT_SYM","test-s144",TRUE
"exclude_PUNCT_SYM","test-s145",TRUE
"exclude_PUNCT_SYM","test-s146",TRUE
"exclude_PUNCT_SYM","test-s149",TRUE
"exclude_PUNCT_SYM","test-s150",TRUE
"exclude_PUNCT_SYM","test-s151",TRUE
"exclude_PUNCT_SYM","test-s152",TRUE
"exclude_PUNCT_SYM","test-s153",FALSE
"exclude_PUNCT_SYM","test-s154",TRUE
"exclude_PUNCT_SYM","test-s155",TRUE
"exclude_PUNCT_SYM","test-s156",TRUE
"exclude_PUNCT_SYM","test-s157",TRUE
"exclude_PUNCT_SYM","test-s158",TRUE
"exclude_PUNCT_SYM","test-s159",TRUE
"exclude_PUNCT_SYM","test-s160",TRUE
"exclude_PUNCT_SYM","test-s161",TRUE
"exclude_PUNCT_SYM","test-s162",FALSE
"exclude_PUNCT_SYM","test-s163",TRUE
"exclude_PUNCT_SYM","test-s164",TRUE
"exclude_PUNCT_SYM","test-s165",TRUE
"exclude_PUNCT_SYM","test-s166",FALSE
"exclude_PUNCT_SYM","test-s167",TRUE
"exclude_PUNCT_SYM","test-s168",TRUE
"exclude_PUNCT_SYM","test-s169",TRUE
"exclude_PUNCT_SYM","test-s170",TRUE
"exclude_PUNCT_SYM","test-s171",TRUE
"exclude_PUNCT_SYM","test-s172",TRUE
"exclude_PUNCT_SYM","test-s173",TRUE
"exclude_PUNCT_SYM","test-s174",FALSE
"exclude_PUNCT_SYM","test-s175",TRUE
"exclude_PUNCT_SYM","test-s176",TRUE
"exclude_PUNCT_SYM","test-s177",TRUE
"exclude_PUNCT_SYM","test-s178",TRUE
"exclude_PUNCT_SYM","test-s179",TRUE
"exclude_PUNCT_SYM","test-s180",FALSE
"exclude_PUNCT_SYM","test-s181",TRUE
"exclude_PUNCT_SYM","test-s182",TRUE
"exclude_PUNCT_SYM","test-s183",TRUE
"exclude_PUNCT_SYM","test-s184",TRUE
"exclude_PUNCT_SYM","test-s185",TRUE
"exclude_PUNCT_SYM","test-s186",TRUE
"exclude_PUNCT_SYM","test-s187",TRUE
"exclude_PUNCT_SYM","test-s188",TRUE
"exclude_PUNCT_SYM","test-s189",TRUE
"exclude_PUNCT_SYM","test-s190",TRUE
"exclude_PUNCT_SYM","test-s191",TRUE
"exclude_PUNCT_SYM","test-s192",TRUE
"exclude_PUNCT_SYM","test-s193",TRUE
"exclude_PUNCT_SYM","test-s194",TRUE
"exclude_PUNCT_SYM","test-s195",TRUE
"exclude_PUNCT_SYM","test-s196",TRUE
"exclude_PUNCT_SYM","test-s197",TRUE
"exclude_PUNCT_SYM","test-s198",TRUE
"exclude_PUNCT_SYM","test-s199",TRUE
"exclude_PUNCT_SYM","test-s200",TRUE
"exclude_PUNCT_SYM","test-s201",TRUE
"exclude_PUNCT_SYM","test-s202",TRUE
"exclude_PUNCT_SYM","test-s203",TRUE
"exclude_PUNCT_SYM","test-s204",TRUE
"exclude_PUNCT_SYM","test-s205",TRUE
"exclude_PUNCT_SYM","test-s206",TRUE
"exclude_PUNCT_SYM","test-s207",FALSE
"exclude_PUNCT_SYM","test-s211",TRUE
"exclude_PUNCT_SYM","test-s212",TRUE
"exclude_PUNCT_SYM","test-s213",TRUE
"exclude_PUNCT_SYM","test-s214",TRUE
"exclude_PUNCT_SYM","test-s215",TRUE
"exclude_PUNCT_SYM","test-s216",TRUE
"exclude_PUNCT_SYM","test-s217",TRUE
"exclude_PUNCT_SYM","test-s218",TRUE
"exclude_PUNCT_SYM","test-s219",TRUE
"exclude_PUNCT_SYM","test-s220",TRUE
"exclude_PUNCT_SYM","test-s221",TRUE
"exclude_PUNCT_SYM","test-s222",TRUE
"exclude_PUNCT_SYM","test-s223",TRUE
"exclude_PUNCT_SYM","test-s224",TRUE
"exclude_PUNCT_SYM","test-s226",TRUE
"exclude_PUNCT_SYM","test-s227",TRUE
"exclude_PUNCT_SYM","test-s228",TRUE
"exclude_PUNCT_SYM","test-s229",TRUE
"exclude_PUNCT_SYM","test-s230",TRUE
"exclude_PUNCT_SYM","test-s231",TRUE
"exclude_PUNCT_SYM","test-s232",TRUE
"exclude_PUNCT_SYM","test-s233",TRUE
"exclude_PUNCT_SYM","test-s234",TRUE
"exclude_PUNCT_SYM","test-s235",TRUE
"exclude_PUNCT_SYM","test-s236",TRUE
"exclude_PUNCT_SYM","test-s237",TRUE
"exclude_PUNCT_SYM","test-s238",TRUE
"exclude_PUNCT_SYM","test-s239",TRUE
"exclude_PUNCT_SYM","test-s240",TRUE
"exclude_PUNCT_SYM","test-s241",TRUE
"exclude_PUNCT_SYM","test-s243",TRUE
"exclude_PUNCT_SYM","test-s244",TRUE
"exclude_PUNCT_SYM","test-s245",TRUE
"exclude_PUNCT_SYM","test-s246",TRUE
"exclude_PUNCT_SYM","test-s247",TRUE
"exclude_PUNCT_SYM","test-s249",TRUE
"exclude_PUNCT_SYM","test-s250",TRUE
"exclude_PUNCT_SYM","test-s251",TRUE
"exclude_PUNCT_SYM","test-s252",TRUE
"exclude_PUNCT_SYM","test-s253",TRUE
"exclude_PUNCT_SYM","test-s254",TRUE
"exclude_PUNCT_SYM","test-s256",TRUE
"exclude_PUNCT_SYM","test-s257",TRUE
"exclude_PUNCT_SYM","test-s258",TRUE
"exclude_PUNCT_SYM","test-s259",TRUE
"exclude_PUNCT_SYM","test-s260",TRUE
"exclude_PUNCT_SYM","test-s261",TRUE
"exclude_PUNCT_SYM","test-s262",TRUE
"exclude_PUNCT_SYM","test-s263",TRUE
"exclude_PUNCT_SYM","test-s264",TRUE
"exclude_PUNCT_SYM","test-s265",TRUE
"exclude_PUNCT_SYM","test-s266",TRUE
"exclude_PUNCT_SYM","test-s267",TRUE
"exclude_PUNCT_SYM","test-s269",TRUE
"exclude_PUNCT_SYM","test-s270",TRUE
"exclude_PUNCT_SYM","test-s271",TRUE
"exclude_PUNCT_SYM","test-s272",TRUE
"exclude_PUNCT_SYM","test-s273",TRUE
"exclude_PUNCT_SYM","test-s274",TRUE
"exclude_PUNCT_SYM","test-s275",TRUE
"exclude_PUNCT_SYM","test-s276",TRUE
"exclude_PUNCT_SYM","test-s277",TRUE
"exclude_PUNCT_SYM","test-s278",TRUE
"exclude_PUNCT_SYM","test-s279",TRUE
"exclude_PUNCT_SYM","test-s280",TRUE
"exclude_PUNCT_SYM","test-s281",TRUE
"exclude_PUNCT_SYM","test-s282",TRUE
"exclude_PUNCT_SYM","test-s284",TRUE
"exclude_PUNCT_SYM","test-s285",TRUE
"exclude_PUNCT_SYM","test-s286",TRUE
"exclude_PUNCT_SYM","test-s287",TRUE
"exclude_PUNCT_SYM","test-s288",TRUE
"exclude_PUNCT_SYM","test-s289",TRUE
"exclude_PUNCT_SYM","test-s290",TRUE
"exclude_PUNCT_SYM","test-s291",TRUE
"exclude_PUNCT_SYM","test-s292",TRUE
"exclude_PUNCT_SYM","test-s293",TRUE
"exclude_PUNCT_SYM","test-s295",TRUE
"exclude_PUNCT_SYM","test-s296",TRUE
"exclude_PUNCT_SYM","test-s297",FALSE
"exclude_PUNCT_SYM","test-s298",TRUE
"exclude_PUNCT_SYM","test-s299",FALSE
"exclude_PUNCT_SYM","test-s300",TRUE
"exclude_PUNCT_SYM","test-s301",TRUE
"exclude_PUNCT_SYM","test-s302",TRUE
"exclude_PUNCT_SYM","test-s303",TRUE
"exclude_PUNCT_SYM","test-s304",TRUE
"exclude_PUNCT_SYM","test-s305",FALSE
"exclude_PUNCT_SYM","test-s306",TRUE
"exclude_PUNCT_SYM","test-s307",TRUE
"exclude_PUNCT_SYM","test-s308",TRUE
"exclude_PUNCT_SYM","test-s309",TRUE
"exclude_PUNCT_SYM","test-s310",TRUE
"exclude_PUNCT_SYM","test-s311",FALSE
"exclude_PUNCT_SYM","test-s312",TRUE
"exclude_PUNCT_SYM","test-s313",TRUE
"exclude_PUNCT_SYM","test-s314",TRUE
"exclude_PUNCT_SYM","test-s315",TRUE
"exclude_PUNCT_SYM","test-s316",FALSE
"exclude_PUNCT_SYM","test-s317",TRUE
"exclude_PUNCT_SYM","test-s318",TRUE
"exclude_PUNCT_SYM","test-s319",TRUE
"exclude_PUNCT_SYM","test-s320",TRUE
"exclude_PUNCT_SYM","test-s321",TRUE
"exclude_PUNCT_SYM","test-s322",TRUE
"exclude_PUNCT_SYM","test-s323",TRUE
"exclude_PUNCT_SYM","test-s324",TRUE
"exclude_PUNCT_SYM","test-s325",TRUE
"exclude_PUNCT_SYM","test-s326",TRUE
"exclude_PUNCT_SYM","test-s327",FALSE
"exclude_PUNCT_SYM","test-s328",TRUE
"exclude_PUNCT_SYM","test-s329",TRUE
"exclude_PUNCT_SYM","test-s330",FALSE
"exclude_PUNCT_SYM","test-s331",TRUE
"exclude_PUNCT_SYM","test-s332",TRUE
"exclude_PUNCT_SYM","test-s333",TRUE
"exclude_PUNCT_SYM","test-s334",FALSE
"exclude_PUNCT_SYM","test-s335",TRUE
"exclude_PUNCT_SYM","test-s336",FALSE
"exclude_PUNCT_SYM","test-s337",TRUE
"exclude_PUNCT_SYM","test-s338",TRUE
"exclude_PUNCT_SYM","test-s339",TRUE
"exclude_PUNCT_SYM","test-s340",TRUE
"exclude_PUNCT_SYM","test-s341",FALSE
"exclude_PUNCT_SYM","test-s342",TRUE
"exclude_PUNCT_SYM","test-s343",TRUE
"exclude_PUNCT_SYM","test-s344",TRUE
"exclude_PUNCT_SYM","test-s345",TRUE
"exclude_PUNCT_SYM","test-s346",TRUE
"exclude_PUNCT_SYM","test-s347",TRUE
"exclude_PUNCT_SYM","test-s348",TRUE
"exclude_PUNCT_SYM","test-s349",TRUE
"exclude_PUNCT_SYM","test-s350",TRUE
"exclude_PUNCT_SYM","test-s351",TRUE
"exclude_PUNCT_SYM","test-s352",TRUE
"exclude_PUNCT_SYM","test-s353",TRUE
"exclude_PUNCT_SYM","test-s354",TRUE
"exclude_PUNCT_SYM","test-s355",FALSE
"exclude_PUNCT_SYM","test-s356",TRUE
"exclude_PUNCT_SYM","test-s357",TRUE
"exclude_PUNCT_SYM","test-s358",TRUE
"exclude_PUNCT_SYM","test-s359",TRUE
"exclude_PUNCT_SYM","test-s360",TRUE
"exclude_PUNCT_SYM","test-s361",TRUE
"exclude_PUNCT_SYM","test-s362",TRUE
"exclude_PUNCT_SYM","test-s363",TRUE
"exclude_PUNCT_SYM","test-s364",TRUE
"exclude_PUNCT_SYM","test-s365",TRUE
"exclude_PUNCT_SYM","test-s366",TRUE
"exclude_PUNCT_SYM","test-s367",TRUE
"exclude_PUNCT_SYM","test-s368",TRUE
"exclude_PUNCT_SYM","test-s369",TRUE
"exclude_PUNCT_SYM","test-s370",TRUE
"exclude_PUNCT_SYM","test-s371",FALSE
"exclude_PUNCT_SYM","test-s372",FALSE
"exclude_PUNCT_SYM","test-s373",TRUE
"exclude_PUNCT_SYM","test-s374",TRUE
"exclude_PUNCT_SYM","test-s375",TRUE
"exclude_PUNCT_SYM","test-s376",TRUE
"exclude_PUNCT_SYM","test-s377",TRUE
"exclude_PUNCT_SYM","test-s378",FALSE
"exclude_PUNCT_SYM","test-s379",TRUE
"exclude_PUNCT_SYM","test-s380",TRUE
"exclude_PUNCT_SYM","test-s381",TRUE
"exclude_PUNCT_SYM","test-s382",TRUE
"exclude_PUNCT_SYM","test-s383",TRUE
"exclude_PUNCT_SYM","test-s384",TRUE
"exclude_PUNCT_SYM","test-s385",TRUE
"exclude_PUNCT_SYM","test-s386",TRUE
"exclude_PUNCT_SYM","test-s387",TRUE
"exclude_PUNCT_SYM","test-s388",FALSE
"exclude_PUNCT_SYM","test-s389",TRUE
"exclude_PUNCT_SYM","test-s390",TRUE
"exclude_PUNCT_SYM","test-s392",TRUE
"exclude_PUNCT_SYM","test-s393",TRUE
"exclude_PUNCT_SYM","test-s394",TRUE
"exclude_PUNCT_SYM","test-s395",TRUE
"exclude_PUNCT_SYM","test-s396",TRUE
"exclude_PUNCT_SYM","test-s397",TRUE
"exclude_PUNCT_SYM","test-s398",TRUE
"exclude_PUNCT_SYM","test-s399",TRUE
"exclude_PUNCT_SYM","test-s400",TRUE
"exclude_PUNCT_SYM","test-s401",TRUE
"exclude_PUNCT_SYM","test-s402",TRUE
"exclude_PUNCT_SYM","test-s403",TRUE
"exclude_PUNCT_SYM","test-s404",TRUE
"exclude_PUNCT_SYM","test-s405",FALSE
"exclude_PUNCT_SYM","test-s406",TRUE
"exclude_PUNCT_SYM","test-s407",TRUE
"exclude_PUNCT_SYM","test-s408",TRUE
"exclude_PUNCT_SYM","test-s409",FALSE
"exclude_PUNCT_SYM","test-s410",TRUE
"exclude_PUNCT_SYM","test-s411",TRUE
"exclude_PUNCT_SYM","test-s412",TRUE
"exclude_PUNCT_SYM","test-s413",TRUE
"exclude_PUNCT_SYM","test-s414",TRUE
"exclude_PUNCT_SYM","test-s415",TRUE
"exclude_PUNCT_SYM","test-s416",TRUE
"exclude_PUNCT_SYM","test-s418",TRUE
"exclude_PUNCT_SYM","test-s419",TRUE
"exclude_PUNCT_SYM","test-s420",TRUE
"exclude_PUNCT_SYM","test-s421",TRUE
"exclude_PUNCT_SYM","test-s422",TRUE
"exclude_PUNCT_SYM","test-s423",TRUE
"exclude_PUNCT_SYM","test-s424",FALSE
"exclude_PUNCT_SYM","test-s425",FALSE
"exclude_PUNCT_SYM","test-s426",TRUE
"exclude_PUNCT_SYM","test-s427",TRUE
"exclude_PUNCT_SYM","test-s428",TRUE
"exclude_PUNCT_SYM","test-s429",FALSE
"exclude_PUNCT_SYM","test-s430",TRUE
"exclude_PUNCT_SYM","test-s431",TRUE
"exclude_PUNCT_SYM","test-s432",TRUE
"exclude_PUNCT_SYM","test-s433",TRUE
"exclude_PUNCT_SYM","test-s434",TRUE
"exclude_PUNCT_SYM","test-s435",TRUE
"exclude_PUNCT_SYM","test-s436",TRUE
"exclude_PUNCT_SYM","test-s437",TRUE
"exclude_PUNCT_SYM","test-s438",TRUE
"exclude_PUNCT_SYM","test-s439",TRUE
"exclude_PUNCT_SYM","test-s440",TRUE
"exclude_PUNCT_SYM","test-s441",TRUE
"exclude_PUNCT_SYM","test-s442",TRUE
"exclude_PUNCT_SYM","test-s443",FALSE
"exclude_PUNCT_SYM","test-s444",FALSE
"exclude_PUNCT_SYM","test-s445",TRUE
"exclude_PUNCT_SYM","test-s446",TRUE
"exclude_PUNCT_SYM","test-s447",TRUE
"exclude_PUNCT_SYM","test-s448",TRUE
"exclude_PUNCT_SYM","test-s449",TRUE
"exclude_PUNCT_SYM","test-s450",TRUE
"exclude_PUNCT_SYM","test-s451",TRUE
"exclude_PUNCT_SYM","test-s452",TRUE
"exclude_PUNCT_SYM","test-s453",TRUE
"exclude_PUNCT_SYM","test-s454",FALSE
"exclude_PUNCT_SYM","test-s455",TRUE
"exclude_PUNCT_SYM","test-s456",TRUE
"exclude_PUNCT_SYM","test-s457",TRUE
"exclude_PUNCT_SYM","test-s458",TRUE
"exclude_PUNCT_SYM","test-s459",FALSE
"exclude_PUNCT_SYM","test-s460",TRUE
"exclude_PUNCT_SYM","test-s461",TRUE
"exclude_PUNCT_SYM","test-s462",TRUE
"exclude_PUNCT_SYM","test-s463",TRUE
"exclude_PUNCT_SYM","test-s464",TRUE
"exclude_PUNCT_SYM","test-s465",TRUE
"exclude_PUNCT_SYM","test-s466",TRUE
"exclude_PUNCT_SYM","test-s467",TRUE
"exclude_PUNCT_SYM","test-s468",FALSE
"exclude_PUNCT_SYM","test-s469",TRUE
"exclude_PUNCT_SYM","test-s470",FALSE
"exclude_PUNCT_SYM","test-s471",TRUE
"exclude_PUNCT_SYM","test-s472",TRUE
"exclude_PUNCT_SYM","test-s473",TRUE
"exclude_PUNCT_SYM","test-s474",TRUE
"exclude_PUNCT_SYM","test-s475",FALSE
"exclude_PUNCT_SYM","test-s476",TRUE
"exclude_PUNCT_SYM","test-s477",TRUE
"exclude_PUNCT_SYM","test-s478",TRUE
"exclude_PUNCT_SYM","test-s479",TRUE
"exclude_PUNCT_SYM","test-s480",TRUE
"exclude_PUNCT_SYM","test-s481",TRUE
"exclude_PUNCT_SYM","test-s482",TRUE
"exclude_PUNCT_SYM","test-s483",TRUE
"exclude_PUNCT_SYM","test-s484",TRUE
"exclude_PUNCT_SYM","test-s485",TRUE
"exclude_PUNCT_SYM","test-s486",TRUE
"exclude_PUNCT_SYM","test-s487",TRUE
"exclude_PUNCT_SYM","test-s488",TRUE
"exclude_PUNCT_SYM","test-s489",TRUE
"exclude_PUNCT_SYM","test-s490",TRUE
"exclude_PUNCT_SYM","test-s491",TRUE
"exclude_PUNCT_SYM","test-s492",TRUE
"exclude_PUNCT_SYM","test-s493",TRUE
"exclude_PUNCT_SYM","test-s494",TRUE
"exclude_PUNCT_SYM","test-s495",TRUE
"exclude_PUNCT_SYM","test-s496",TRUE
"exclude_PUNCT_SYM","test-s497",FALSE
"exclude_PUNCT_SYM","test-s498",FALSE
"exclude_PUNCT_SYM","test-s499",FALSE
"exclude_PUNCT_SYM","test-s500",TRUE
"exclude_PUNCT_SYM","test-s501",TRUE
"exclude_PUNCT_SYM","test-s502",TRUE
"exclude_PUNCT_SYM","test-s503",TRUE
"exclude_PUNCT_SYM","test-s504",FALSE
"exclude_PUNCT_SYM","test-s505",TRUE
"exclude_PUNCT_SYM","test-s506",FALSE
"exclude_PUNCT_SYM","test-s507",TRUE
"exclude_PUNCT_SYM","test-s508",FALSE
"exclude_PUNCT_SYM","test-s509",TRUE
"exclude_PUNCT_SYM","test-s510",TRUE
"exclude_PUNCT_SYM","test-s511",TRUE
"exclude_PUNCT_SYM","test-s512",TRUE
"exclude_PUNCT_SYM","test-s513",TRUE
"exclude_PUNCT_SYM","test-s514",TRUE
"exclude_PUNCT_SYM","test-s515",TRUE
"exclude_PUNCT_SYM","test-s516",TRUE
"exclude_PUNCT_SYM","test-s517",TRUE
"exclude_PUNCT_SYM","test-s518",TRUE
"exclude_PUNCT_SYM","test-s519",TRUE
"exclude_PUNCT_SYM","test-s520",TRUE
"exclude_PUNCT_SYM","test-s521",TRUE
"exclude_PUNCT_SYM","test-s522",TRUE
"exclude_PUNCT_SYM","test-s523",FALSE
"exclude_PUNCT_SYM","test-s524",TRUE
"exclude_PUNCT_SYM","test-s525",TRUE
"exclude_PUNCT_SYM","test-s526",FALSE
"exclude_PUNCT_SYM","test-s527",TRUE
"exclude_PUNCT_SYM","test-s528",FALSE
"exclude_PUNCT_SYM","test-s529",TRUE
"exclude_PUNCT_SYM","test-s530",TRUE
"exclude_PUNCT_SYM","test-s531",TRUE
"exclude_PUNCT_SYM","test-s532",TRUE
"exclude_PUNCT_SYM","test-s533",TRUE
"exclude_PUNCT_SYM","test-s534",FALSE
"exclude_PUNCT_SYM","test-s535",TRUE
"exclude_PUNCT_SYM","test-s536",TRUE
"exclude_PUNCT_SYM","test-s537",TRUE
"exclude_PUNCT_SYM","test-s538",TRUE
"exclude_PUNCT_SYM","test-s539",FALSE
"exclude_PUNCT_SYM","test-s540",FALSE
"exclude_PUNCT_SYM","test-s541",TRUE
"exclude_PUNCT_SYM","test-s542",TRUE
"exclude_PUNCT_SYM","test-s543",TRUE
"exclude_PUNCT_SYM","test-s544",TRUE
"exclude_PUNCT_SYM","test-s545",TRUE
"exclude_PUNCT_SYM","test-s546",TRUE
"exclude_PUNCT_SYM","test-s547",TRUE
"exclude_PUNCT_SYM","test-s548",TRUE
"exclude_PUNCT_SYM","test-s549",TRUE
"exclude_PUNCT_SYM","test-s550",FALSE
"exclude_PUNCT_SYM","test-s551",TRUE
"exclude_PUNCT_SYM","test-s552",TRUE
"exclude_PUNCT_SYM","test-s553",TRUE
"exclude_PUNCT_SYM","test-s554",TRUE
"exclude_PUNCT_SYM","test-s555",TRUE
"exclude_PUNCT_SYM","test-s556",TRUE
"exclude_PUNCT_SYM","test-s557",TRUE
