"case","pipeline","N","V","native_ttr","common_ttr","native_mtld","common_mtld","common_mtld_status"
"contractions","ldfreq_default",34,20,0.588235294117647,0.588235294117647,25.0892933163048,25.0892933163048,"ok"
"contractions","ldfreq_english_lower",34,14,0.411764705882353,0.411764705882353,18.029114480334,18.029114480334,"ok"
"contractions","koRpus_tokenize_lexdiv",46,15,0.326086956521739,0.326086956521739,13.4370026525199,13.4370026525199,"ok"
"contractions","quanteda_tokens_textstat",34,19,0.558823529411765,0.558823529411765,NA,17.4811320754717,"ok"
"case_punctuation","ldfreq_default",30,15,0.5,0.5,25.7386363636364,25.7386363636364,"ok"
"case_punctuation","ldfreq_english_lower",30,12,0.4,0.4,12.5,12.5,"ok"
"case_punctuation","koRpus_tokenize_lexdiv",35,15,0.428571428571429,0.428571428571429,11.6666666666667,11.6666666666667,"ok"
"case_punctuation","quanteda_tokens_textstat",30,12,0.4,0.4,NA,12.5,"ok"
"lemma_pos","ldfreq_default",42,18,0.428571428571429,0.428571428571429,29.037037037037,29.037037037037,"ok"
"lemma_pos","ldfreq_english_lower",42,18,0.428571428571429,0.428571428571429,29.037037037037,29.037037037037,"ok"
"lemma_pos","koRpus_tokenize_lexdiv",42,18,0.428571428571429,0.428571428571429,29.037037037037,29.037037037037,"ok"
"lemma_pos","quanteda_tokens_textstat",42,18,0.428571428571429,0.428571428571429,NA,29.037037037037,"ok"
"learner_forms","ldfreq_default",38,19,0.5,0.5,30.6923076923077,30.6923076923077,"ok"
"learner_forms","ldfreq_english_lower",38,18,0.473684210526316,0.473684210526316,22.234648674436,22.234648674436,"ok"
"learner_forms","koRpus_tokenize_lexdiv",38,18,0.473684210526316,0.473684210526316,22.234648674436,22.234648674436,"ok"
"learner_forms","quanteda_tokens_textstat",38,18,0.473684210526316,0.473684210526316,NA,22.234648674436,"ok"
"contractions","taaled_fallback",34,20,0.588235294117647,0.588235294117647,27.6567164179105,19.4836394948335,"ok"
"case_punctuation","taaled_fallback",34,17,0.5,0.5,16.533427163969,17,"ok"
"lemma_pos","taaled_fallback",42,18,0.428571428571429,0.428571428571429,29.037037037037,29.037037037037,"ok"
"learner_forms","taaled_fallback",38,19,0.5,0.5,28.2171215880893,28.2171215880893,"ok"
"contractions","taaled_pylats_surface",46,17,0.369565217391304,0.369565217391304,15.2410268059973,15.4773252331651,"ok"
"contractions","taaled_pylats_ld",41,14,0.341463414634146,0.341463414634146,17.2231457800512,14.1714015151515,"ok"
"contractions","taaled_pylats_content",10,5,0.5,0.5,5.6,10,"ok"
"case_punctuation","taaled_pylats_surface",33,14,0.424242424242424,0.424242424242424,16.2155172413793,13.75,"ok"
"case_punctuation","taaled_pylats_ld",33,14,0.424242424242424,0.424242424242424,14.8496232016442,13.75,"ok"
"case_punctuation","taaled_pylats_content",26,9,0.346153846153846,0.346153846153846,10.5746268656716,7.58333333333333,"ok"
"lemma_pos","taaled_pylats_surface",42,18,0.428571428571429,0.428571428571429,29.037037037037,29.037037037037,"ok"
"lemma_pos","taaled_pylats_ld",42,15,0.357142857142857,0.357142857142857,18.9778809997788,19.0839416058394,"ok"
"lemma_pos","taaled_pylats_content",22,7,0.318181818181818,0.318181818181818,8.40566037735849,3.66666666666667,"ok"
"learner_forms","taaled_pylats_surface",37,17,0.45945945945946,0.45945945945946,19.5471698113208,19.5471698113208,"ok"
"learner_forms","taaled_pylats_ld",35,14,0.4,0.4,17.5,14.5833333333333,"ok"
"learner_forms","taaled_pylats_content",16,7,0.4375,0.4375,8.66709928617781,5.33333333333333,"ok"
