"example_line","original_line","original_sha256"
1,2221,"5920edacc1888b14464fc5cd96beea0a721221d56d1dc0e49de22f4c7c537c50"
2,6727,"5920edacc1888b14464fc5cd96beea0a721221d56d1dc0e49de22f4c7c537c50"
3,10258,"5920edacc1888b14464fc5cd96beea0a721221d56d1dc0e49de22f4c7c537c50"
4,23050,"5920edacc1888b14464fc5cd96beea0a721221d56d1dc0e49de22f4c7c537c50"
5,33010,"5920edacc1888b14464fc5cd96beea0a721221d56d1dc0e49de22f4c7c537c50"
6,206630,"5920edacc1888b14464fc5cd96beea0a721221d56d1dc0e49de22f4c7c537c50"
7,207429,"5920edacc1888b14464fc5cd96beea0a721221d56d1dc0e49de22f4c7c537c50"
8,210120,"5920edacc1888b14464fc5cd96beea0a721221d56d1dc0e49de22f4c7c537c50"
9,221115,"5920edacc1888b14464fc5cd96beea0a721221d56d1dc0e49de22f4c7c537c50"
