"document_id","writer_id","task"
"031","example_writer_01","authored-description"
"030","example_writer_10","authored-description"
"029","example_writer_09","authored-description"
"028","example_writer_08","authored-description"
"027","example_writer_07","authored-description"
"026","example_writer_06","authored-description"
"025","example_writer_05","authored-description"
"024","example_writer_04","authored-description"
"023","example_writer_03","authored-description"
"022","example_writer_02","authored-description"
"021","example_writer_01","authored-description"
"020","example_writer_10","authored-description"
"019","example_writer_09","authored-description"
"018","example_writer_08","authored-description"
"017","example_writer_07","authored-description"
"016","example_writer_06","authored-description"
"015","example_writer_05","authored-description"
"014","example_writer_04","authored-description"
"013","example_writer_03","authored-description"
"012","example_writer_02","authored-description"
"011","example_writer_01","authored-description"
"010","example_writer_10","authored-description"
"009","example_writer_09","authored-description"
"008","example_writer_08","authored-description"
"007","example_writer_07","authored-description"
"006","example_writer_06","authored-description"
"005","example_writer_05","authored-description"
"004","example_writer_04","authored-description"
"003","example_writer_03","authored-description"
"002","example_writer_02","authored-description"
"001","example_writer_01","authored-description"
